,Time,BPM,RMSSD,SDNN,SDSD,IBI,pNN20,pNN50,HF,Outlier,Window
0,0.0,47.78156996587031,876.9739638856637,687.1651318041006,867.0335761792746,[1690. 2720.  990.  480.  850. 1160.  900.],0.5,0.5,0.0,True,"(array([ 53.37464234,  52.45028804,  51.56369522,  50.74211801,
        49.9997987 ,  49.33491718,  48.73024794,  48.15797743,
        47.58808395,  46.99827534,  46.38213015,  45.75158907,
        45.13114566,  44.54428634,  43.99712043,  43.46770859,
        42.90978597,  42.27468837,  41.54613434,  40.77315693,
        40.08283935,  39.66071681,  39.70129391,  40.34656534,
        41.6375489 ,  43.49825514,  45.75676907,  48.19296727,
        50.59464109,  52.8055521 ,  54.75642685,  56.47712059,
        58.09134212,  59.79481068,  61.8168122 ,  64.36700877,
        67.57461259,  71.43325866,  75.76829565,  80.24089927,
        84.39501646,  87.74084685,  89.856331  ,  90.48057665,
        89.57376993,  87.32726642,  84.1221029 ,  80.44888274,
        76.81184461,  73.64199754,  71.23846762,  69.74631988,
        69.16741942,  69.39264134,  70.24130688,  71.49672753,
        72.93266696,  74.33130377,  75.49663533,  76.26736824,
        76.53078612,  76.23553625,  75.39881907,  74.10364677,
        72.48477292,  70.70602594,  68.93474009,  67.31914517,
        65.97220984,  64.96239372,  64.31001624,  63.98812377,
        63.92793152,  64.0297077 ,  64.1794715 ,  64.27005858,
        64.22258643,  64.00228151,  63.62254997,  63.13418889,
        62.60219789,  62.07820898,  61.57892582,  61.07859452,
        60.51764642,  59.82336689,  58.93463702,  57.82260199,
        56.50184194,  55.03056877,  53.50172407,  52.02827391,
        50.72522247,  49.6890757 ,  48.97483968,  48.57279169,
        48.39174255,  48.25937289,  47.94958415,  47.23933466,
        45.98439212,  44.1900703 ,  42.04688068,  39.90821885,
        38.20781572,  37.34060156,  37.54870586,  38.85410905,
        41.0602714 ,  43.81673042,  46.71758454,  49.39755329,
        51.59922284,  53.20423696,  54.23753322,  54.85829823,
        55.34358154,  56.0583912 ,  57.40044251,  59.71474784,
        63.19019375,  67.76737996,  73.09374977,  78.5531371 ,
        83.37462818,  86.79847239,  88.25533089,  87.50803432,
        84.71526668,  80.40030341,  75.33605253,  70.38014258,
        66.30390461,  63.65544698,  62.68311614,  63.32745481,
        65.27308858,  68.04061195,  71.09394686,  73.94028289,
        76.20569448,  77.67735019,  78.31066628,  78.20567309,
        77.5611868 ,  76.61830269,  75.60591265,  74.69960403,
        74.00105418,  73.53881056,  73.28528077,  73.18114637,
        73.1583919 ,  73.15610661,  73.12738349,  73.03913949,
        72.86838469,  72.59824195,  72.21557243,  71.71051012,
        71.07736878,  70.3162711 ,  69.43486165,  68.44919183,
        67.38262791,  66.26213328,  65.11267838,  63.95198308,
        62.78802926,  61.62030539,  60.44348538,  59.250887  ,
        58.03567955,  56.79001967,  55.5045631 ,  54.17157426,
        52.79346822,  51.39550847,  50.03778478,  48.81911525,
        47.86572365,  47.30141869,  47.20322594,  47.55489655,
        48.21688157,  48.93144331,  49.37329872,  49.2403263 ,
        48.36004854,  46.77367614,  44.75883231,  42.76909615,
        41.29961226,  40.72097692,  41.1425087 ,  42.3599433 ,
        43.91261162,  45.23419325,  45.84682465,  45.53389549,
        44.43572497,  43.03865606,  42.06125766,  42.27057295,
        44.27905314,  48.3755906 ,  54.43279556,  61.91165902,
        69.96015016,  77.58018232,  83.82248619,  87.96428384,
        89.63133014,  88.84220749,  85.97380035,  81.66572534,
        76.69227822,  71.83116693,  67.75131391,  64.9322209 ,
        63.6192984 ,  63.8150695 ,  65.30413233,  67.70759879,
        70.55880985,  73.38734957,  75.79547516,  77.51243819,
        78.41797607,  78.53436162,  77.99380095,  76.99245645,
        75.74324117,  74.43731154,  73.22007203,  72.18291636,
        71.36810448,  70.78179209,  70.40936199,  70.22768572,
        70.21068894,  70.32743733,  70.53522818,  70.77265829,
        70.95816391,  70.99765651,  70.80123676,  70.30498978,
        69.4911535 ,  68.39960081,  67.1257361 ,  65.80375541,
        64.57841274,  63.57176881,  62.85318414,  62.42071747,
        62.19985385,  62.06119282,  61.85333136,  61.44253766,
        60.74876664,  59.76875712,  58.58045612,  57.32715472,
        56.18331499,  55.30714541,  54.7883254 ,  54.60316706,
        54.59264844,  54.47830911,  53.92392654,  52.63629507,
        50.47973685,  47.56425941,  44.26629153,  41.15930196,
        38.86533558,  37.87335738,  38.38843914,  40.26650674,
        43.056273  ,  46.12944799,  48.85142855,  50.73828479,
        51.55996101,  51.37306691,  50.4875461 ,  49.38375337,
        48.60077494,  48.61726389,  49.74574212,  52.06033283,
        55.37414937,  59.27423004,  63.20938137,  66.61256138,
        69.02880012,  70.21599272,  70.1914096 ,  69.21116034,
        67.6897092 ,  66.08546003,  64.78893406,  64.04722649,
        63.94299111,  64.42478587,  65.36754438,  66.63461116,
        68.11821738,  69.74951742,  71.48472213,  73.28312386,
        75.09250923,  76.84944606,  78.49166747,  79.97290926,
        81.26998777,  82.37691738,  83.28826199,  83.97997587,
        84.39807543,  84.46282805,  84.08988514,  83.22245658,
        81.86322156,  80.09350419,  78.07094392,  76.00410339,
        74.11038722,  72.56925116,  71.48395634,  70.86194139,
        70.61790153,  70.59733017,  70.61356819,  70.48909415,
        70.09165051,  69.35736605,  68.29609983,  66.97866633,
        65.51070784,  64.00215302,  62.54244529,  61.18892154,
        59.96971031,  58.89598447,  57.97445393,  57.21147133,
        56.60483358,  56.12629888,  55.70405919,  55.21701409,
        54.509894  ,  53.43039649,  51.87928962,  49.85626258,
        47.48225757,  44.98493852,  42.64635706,  40.72635654,
        39.38617781,  38.63950561,  38.3510991 ,  38.28797344,
        38.20951459,  37.967046  ,  37.5761525 ,  37.23055732,
        37.24497072,  37.94130263,  39.51791612,  41.95317686,
        44.98476373,  48.17726969,  51.05481254,  53.24897929,
        54.60729685,  55.22516852,  55.39589066,  55.50430967,
        55.90687436,  56.83895706,  58.3733626 ,  60.43182762,
        62.83389321,  65.36001758,  67.80782648,  70.02821724,
        71.93736438,  73.50849723,  74.75216363,  75.69515692,
        76.36655872,  76.79508636,  77.01635453,  77.08360198,
        77.07300205,  77.07639802,  77.1800902 ,  77.43595403,
        77.83704707,  78.31058559,  78.73548419,  78.9814206 ,
        78.95606552,  78.64178855,  78.10596002,  77.47925518,
        76.90967599,  76.5101839 ,  76.32020448,  76.29501277,
        76.32543693,  76.27882747,  76.04545233,  75.57425989,
        74.88723633,  74.06956631,  73.24047234,  72.51483645,
        71.96763548,  71.61190144,  71.39674384,  71.22560658,
        70.98791172,  70.59222587,  69.98875682,  69.17403468,
        68.1787278 ,  67.04661879,  65.81555869,  64.50891835,
        63.14014231,  61.72616714,  60.30065639,  58.91759208,
        57.64036358,  56.51914139,  55.56607206,  54.73995637,
        53.94838648,  53.06788456,  51.97535004,  50.58053689,
        48.85049412,  46.82147691,  44.59889075,  42.34873587,
        40.28369   ,  38.64428948,  37.67300144,  37.57892   ,
        38.49463952,  40.43339769,  43.2604074 ,  46.6932929 ,
        50.34023111,  53.77175078,  56.60790838,  58.59356846,
        59.63635417,  59.79530425,  59.22794183,  58.11996385,
        56.62698867,  54.84957066,  52.84577604,  50.66874058,
        48.40767625,  46.21298232,  44.29686546,  42.91355839,
        42.33083158,  42.80342963,  44.55115843,  47.73573567,
        52.42785063,  58.56204354,  65.88910594,  73.94664636,
        82.07113772,  89.46593055,  95.32170156,  98.96545872,
       100.        ,  98.39409116,  94.49614421,  88.96654076,
        82.64750879,  76.40580348,  70.98715425,  66.91298714,
        64.4344401 ,  63.54265706,  64.02239217,  65.52967068,
        67.6732039 ,  70.08243297,  72.45135483,  74.55513251,
        76.24394686,  77.42375521,  78.03543133,  78.04194377,
        77.42843575,  76.21374557,  74.46615929,  72.3133219 ,
        69.93777064,  67.55517671,  65.37969327,  63.58640266,
        62.28213876,  61.49255174,  61.16711559,  61.1979097 ,
        61.44486513,  61.76038153,  62.0086929 ,  62.07835846,
        61.88853962,  61.39089075,  60.56902302,  59.43680737,
        58.03563409,  56.42976908,  54.69878912,  52.9268927 ,
        51.1900888 ,  49.5430006 ,  48.00701223,  46.5614287 ,
        45.14017947,  43.6383612 ,  41.93401295,  39.92856579,
        37.60290449,  35.07590979,  32.64280098,  30.76768928,
        30.01372551,  30.91547287,  33.82453296,  38.77804588,
        45.43862748,  53.13122804,  60.96754398,  68.01916111,
        73.48977853,  76.84617738,  77.88780992,  76.75385852,
        73.87737898,  69.89949591,  65.55775189,  61.56553956,
        58.5033076 ,  56.74259402,  56.41726511,  57.44338639,
        59.5751929 ,  62.47604574,  65.78353349,  69.15579522,
        72.29701748,  74.9685929 ,  76.99537261,  78.27373709,
        78.78234631,  78.59080941,  77.85884919,  76.81994127,
        75.74822466,  74.91362234,  74.53489823,  74.74172313,
        75.55428559,  76.88396159,  78.55338479,  80.33078064,
        81.97203019,  83.26369807,  84.06010081,  84.30731222,
        84.04794058,  83.4038991 ,  82.54023245,  81.61938565,
        80.75909296,  80.00617796,  79.3331219 ,  78.65661397,
        77.87062437,  76.88320892,  75.64685576,  74.17556046,
        72.54590982,  70.88251099,  69.32959648,  68.01139534,
        66.98534994,  66.19546727,  65.43762403,  64.35242183,
        62.46097947,  59.25178529,  54.3114849 ,  47.47248492,
        38.9334299 ,  29.3049045 ,  19.54842161,  10.80925494,
         4.18096502,   0.46586961,   0.        ,   2.59179675,
         7.5890477 ,  14.0515165 ,  20.97955135,  27.53841024,
        33.22414676,  37.93508907,  41.93717001,  45.73622723,
        49.89154465,  54.81863722,  60.63250033,  67.07361155,
        73.53883661,  79.21219449,  83.26304047,  85.05958621,
        84.34028978,  81.2969139 ,  76.54780316,  71.0102519 ,
        65.70709787,  61.55737041,  59.20108637,  58.89600068,
        60.50408436,  63.56327343,  67.42055461,  71.38965095,
        74.89319232,  77.55632779,  79.23466797,  79.97966657,
        79.96256912,  79.38785378,  78.42566636,  77.18143089,
        75.70459647,  74.02386679,  72.18855192,  70.29689296,
        68.50050295,  66.98500344,  65.93578734,  65.50161886,
        65.76705144,  66.73915784,  68.34780504,  70.45464478,
        72.86578804,  75.3462624 ,  77.63832166,  79.48742302,
        80.67740132,  81.07069305,  80.64329864,  79.50119475,
        77.86760046,  76.03882174,  74.31766245,  72.94318586,
        72.03939636,  71.60050276,  71.51769137,  71.63644139,
        71.82100326,  71.99928044,  72.16883318,  72.36034722,
        72.57265292,  72.70639971,  72.5267439 ,  71.67737976,
        69.75132088,  66.40341948,  61.47242329,  55.07254516,
        47.61980434,  39.776608  ,  32.32415265,  25.99713682,
        21.32907886,  18.55324622,  17.58505517,  18.08474678,
        19.57495836,  21.57514838,  23.71669831,  25.81547961,
        27.8951411 ,  30.16676688,  32.97521417,  36.7209886 ,
        41.76405466,  48.31743464,  56.34529556,  65.48932913,
        75.05223082,  84.06166945,  91.41983896,  96.11636866,
        97.45580932,  95.23699109,  89.82856719,  82.11300423,
        73.31087821,  64.73370539,  57.53286014,  52.50788384,
        50.01312319,  49.96839469,  51.95051989,  55.32727886,
        59.39544215,  63.49554597,  67.09077569,  69.8096539 ,
        71.45923811,  72.01723299,  71.60957685,  70.47704433,
        68.93245656,  67.31064354,  65.91630709,  64.97861931,
        64.62298497,  64.86763537,  65.64547513,  66.84252669,
        68.33784323,  70.02968456,  71.83978409,  73.69848116,
        75.52282729,  77.20276317,  78.60581531,  79.60116935,
        80.0943913 ,  80.05899231,  79.55239931,  78.71049735,
        77.7233227 ,  76.80081088,  76.13906756,  75.89407627,
        76.16317874,  76.96880886,  78.23767268,  79.77385067,
        81.23468625,  82.12857584,  81.85679003,  79.81205892,
        75.52535444,  68.82658872,  59.96683494,  49.65015774,
        38.94601185,  29.0916841 ,  21.233345  ,  16.17780828,
        14.22581709,  15.13285178,  18.20490086,  22.49767487,
        27.06035989,  31.15660629,  34.40720277,  36.82562038,
        38.74961951,  40.69882254,  43.20229779,  46.6402858 ,
        51.13390993,  56.50187049,  62.28838479,  67.85393476,
        72.50966154,  75.66749859,  76.97297226,  76.38895573,
        74.20865946,  70.99369725,  67.45323484,  64.29604781,
        62.09312535,  61.18260956,  61.63425867,  63.27300525,
        65.74643006,  68.61301264,  71.42800281,  73.81024268,
        75.48295174,  76.29038068,  76.19723001,  75.27787543,
        73.69920566,  71.69715012,  69.54546934,  67.51726942,
        65.84402983,  64.68110965,  64.08981627,  64.04255641,
        64.45006857,  65.2012803 ,  66.20094374,  67.39085922,
        68.74748403,  70.25920179,  71.89571357,  73.58551877,
        75.21355809,  76.64163876,  77.74368415,  78.4409501 ,
        78.72209791,  78.63942917,  78.28293295,  77.74368561,
        77.08309855,  76.32186135,  75.45301206,  74.4719371 ,
        73.4082843 ,  72.34456787,  71.41285009,  70.76981312,
        70.55701929,  70.85521984,  71.64063815,  72.75027883,
        73.86456116,  74.51820008,  74.15074034,  72.20226448,
        68.24583218,  62.12947608,  54.08522816,  44.76019721,
        35.14073713,  26.37266733,  19.51733945,  15.31019052,
        13.99352084,  15.27545628,  18.42897292,  22.50164973,
        26.57313665,  29.98432003,  32.47384177,  34.18950576,
        35.58265339,  37.2283716 ,  39.63176028,  43.07633194,
        47.54960753,  52.75341605,  58.18286216,  63.24476591,
        67.38433065,  70.19435594,  71.48963852,  71.33689054,
        70.03693284,  68.06251818,  65.96310998,  64.25621671,
        63.33002483,  63.3804369 ,  64.39619131,  66.19142745,
        68.47140371,  70.9093275 ,  73.21282233,  75.16615983,
        76.64501323,  77.60947442,  78.08530718,  78.14255003,
        77.87667305,  77.39339582,  76.7960623 ,  76.17458871,
        75.59640547,  75.10089274,  74.69859721,  74.37534043,
        74.10026343,  73.83652307,  73.55334521,  73.23770404,
        72.90307327,  72.59243749,  72.37390488,  72.32955425,
        72.54030276,  73.07038985,  73.95435658,  75.18798357,
        76.72352991,  78.46917572,  80.29258429,  82.02865204,
        83.4916771 ,  84.49216018,  84.85787026,  84.45747578,
        83.22339212,  81.16938447,  78.39853087,  75.0984534 ,
        71.52289061,  67.9611561 ,  64.69916012,  61.97683706,
        59.94682218,  58.63872084,  57.93362946,  57.55553678,
        57.08886123,  56.03157451,  53.88755711,  50.28886364,
        45.12186131,  38.61834969,  31.37219586,  24.25812771,
        18.25896851,  14.24038625,  12.73510956,  13.80188563,
        17.00592358,  21.53249818,  26.40460832,  30.74236415,
        33.98793592,  36.03124043,  37.20451607,  38.15617867,
        39.64987219,  42.35118911,  46.65888452,  52.61551993,
        59.90523856,  67.9239095 ,  75.89467252,  83.00019213,
        88.50838426,  91.87653651,  92.82568705,  91.38058299,
        87.87068285,  82.88732137,  77.19542761,  71.60755717,
        66.84158921,  63.39488303,  61.46938583,  60.97015679,
        61.5769089 ,  62.86347199,  64.42425278,  65.96678211,
        67.34515432,  68.53355611,  69.56171166,  70.44589012,
        71.1463142 ,  71.56694413,  71.59388424,  71.15242157,
        70.25606057,  69.0257052 ,  67.67067998,  66.43958743,
        65.5610383 ,  65.19685949,  65.42265473,  66.23679909,
        67.5862666 ,  69.39228904,  71.56260736,  73.98704149]), array([ 43, 212, 484, 583, 631, 716, 832, 922]), {'peak_heights': array([ 90.48057665,  89.63133014, 100.        ,  84.30731222,
        85.05958621,  97.45580932,  78.72209791,  84.85787026]), 'prominences': array([53.13997509, 52.29072857, 62.76944268, 54.29358671, 67.47453104,
       84.72069975, 64.49628082, 70.63205318]), 'left_bases': array([ 21, 105, 367, 540, 614, 614, 776, 860]), 'right_bases': array([367, 367, 614, 614, 698, 946, 860, 946]), 'widths': array([33.67343367, 45.92380276, 12.24383627, 46.6989743 , 67.21281119,
       12.64074447, 67.86459889, 66.80653183]), 'width_heights': array([65.07064673, 63.48596585, 68.61527866, 57.16051886, 51.32232069,
       55.09545944, 46.4739575 , 49.42569555]), 'left_ips': array([ 35.21936561, 207.19560273, 478.33833808, 558.72433324,
       624.29038952, 709.84431268, 786.95162045, 872.36052211]), 'right_ips': array([ 68.89279928, 253.11940549, 490.58217435, 605.42330754,
       691.50320071, 722.48505715, 854.81621935, 939.16705394])})"
1,10.0,71.3436385255648,52.068331172711034,34.77067730142742,52.020888492087224,[870. 760. 820. 860. 840. 830. 870. 820. 850. 890.],0.5555555555555556,0.1111111111111111,92.11577231841761,False,"(array([ 73.99960016,  76.44859649,  78.60696762,  80.24525628,
        81.16650671,  81.25422959,  80.51115221,  79.07646026,
        77.21504629,  75.27926864,  73.6495207 ,  72.66314922,
        72.5419178 ,  73.3274965 ,  74.83420912,  76.62969557,
        78.05635844,  78.30602408,  76.55282536,  72.13298769,
        64.73837598,  54.57219098,  42.41083161,  29.5324983 ,
        17.5086932 ,   7.89811835,   1.91751189,   0.17703429,
         2.55344054,   8.23682418,  15.93820993,  24.20089335,
        31.73151883,  37.66483647,  41.69844497,  44.07305932,
        45.41786972,  46.51627869,  48.06435291,  50.48845827,
        53.86330186,  57.93699815,  62.2381924 ,  66.2215193 ,
        69.40566615,  71.47061799,  72.30042693,  71.97678431,
        70.74017209,  68.93691064,  66.96434627,  65.21832076,
        64.04242257,  63.67963694,  64.23208466,  65.6391881 ,
        67.68465062,  70.03650115,  72.31405429,  74.16550323,
        75.33494482,  75.70076416,  75.27756205,  74.18674532,
        72.61073325,  70.74841291,  68.78472356,  66.87827151,
        65.16221074,  63.74883866,  62.72888683,  62.16156224,
        62.05849216,  62.37039531,  62.98652917,  63.75271535,
        64.50574794,  65.11403206,  65.51031362,  65.70441134,
        65.77115741,  65.81812015,  65.94510872,  66.20991703,
        66.6114993 ,  67.0945473 ,  67.57158399,  67.95336463,
        68.17710952,  68.22442079,  68.12500416,  67.94678328,
        67.77650115,  67.69698291,  67.76783944,  68.01549715,
        68.43582975,  69.0082133 ,  69.71417785,  70.54897213,
        71.51332155,  72.57811462,  73.62699557,  74.3973413 ,
        74.45185596,  73.21315653,  70.07756349,  64.59401126,
        56.65979549,  46.66243366,  35.50058407,  24.4513687 ,
        14.9062327 ,   8.05006102,   4.58460107,   4.58454644,
         7.52814015,  12.48385075,  18.38495297,  24.30230904,
        29.63669204,  34.18721419,  38.09619524,  41.70742181,
        45.39386045,  49.40977191,  53.8050256 ,  58.41466652,
        62.91353801,  66.91048422,  70.05151478,  72.104783  ,
        73.00914544,  72.87941849,  71.97276079,  70.62954547,
        69.20642521,  68.01787017,  67.29625277,  67.17268772,
        67.67499985,  68.73741709,  70.21812195,  71.92305085,
        73.63504083,  75.14613284,  76.28867816,  76.9593302 ,
        77.13001138,  76.84198648,  76.18329304,  75.25519464,
        74.13802057,  72.86810804,  71.43406154,  69.79329724,
        67.90222933,  65.74899174,  63.37776204,  60.89761141,
        58.4741688 ,  56.30729272,  54.60116131,  53.53409468,
        53.23398766,  53.76228671,  55.10653299,  57.17999092,
        59.82707693,  62.83435934,  65.94771425,  68.89620911,
        71.42238334,  73.31687771,  74.45301126,  74.81449698,
        74.5080454 ,  73.7532542 ,  72.84578223,  72.0965358 ,
        71.75823726,  71.95822141,  72.65852857,  73.65864133,
        74.64357121,  75.26530857,  75.23502131,  74.40069364,
        72.78994354,  70.60730468,  68.18566769,  65.90087117,
        64.06632737,  62.83096307,  62.10734581,  61.55514631,
        60.63572878,  58.73632363,  55.33994232,  50.19664381,
        43.44196793,  35.61697619,  27.57259583,  20.28028834,
        14.60538565,  11.11317702,   9.96474069,  10.92614276,
        13.47628274,  16.97102651,  20.81282331,  24.58425818,
        28.12224459,  31.52704392,  35.11167444,  39.30327484,
        44.51273544,  50.99539476,  58.73269812,  67.36762163,
        76.22009886,  84.39071214,  90.93521802,  95.06786114,
        96.33833666,  94.73262572,  90.67101972,  84.90867492,
        78.37228006,  71.98051453,  66.49260676,  62.41278737,
        59.95752997,  59.07569455,  59.50368776,  60.83820683,
        62.61408951,  64.37947922,  65.76210493,  66.51938733,
        66.56411849,  65.95954076,  64.88373481,  63.57168306,
        62.25074856,  61.0879541 ,  60.16338555,  59.47436389,
        58.96381285,  58.55859785,  58.20281273,  57.8766769 ,
        57.60023461,  57.42768395,  57.43969155,  57.73740178,
        58.4359594 ,  59.65142361,  61.47601419,  63.94281317,
        66.98928153,  70.43453536,  73.98454097,  77.27165088,
        79.92313553,  81.64242794,  82.28107916,  81.88094443,
        80.67396373,  79.03794469,  77.41723405,  76.22426152,
        75.74074133,  76.03672519,  76.92340954,  77.95264221,
        78.47185545,  77.73575294,  75.06386153,  70.01686183,
        62.54926618,  53.0896946 ,  42.51050741,  31.97765063,
        22.71117524,  15.72106917,  11.59583235,  10.4054886 ,
        11.7421626 ,  14.87560346,  18.96623918,  23.26718508,
        27.26127871,  30.7109003 ,  33.6317043 ,  36.22200222,
        38.78101229,  41.63581924,  45.08002699,  49.3176976 ,
        54.40855855,  60.22096567,  66.40955498,  72.43725987,
        77.65291399,  81.41786624,  83.25441813,  82.97443907,
        80.74609483,  77.07287957,  72.6870551 ,  68.38798263,
        64.8727293 ,  62.60528028,  61.75377952,  62.2011729 ,
        63.61354934,  65.53900557,  67.50921304,  69.12296584,
        70.10109028,  70.31112385,  69.76588888,  68.60219814,
        67.04563868,  65.36664807,  63.83350868,  62.66943805,
        62.02180708,  61.94944688,  62.42863937,  63.37212856,
        64.65202631,  66.1190239 ,  67.61579166,  68.98806125,
        70.0986781 ,  70.84658181,  71.18659788,  71.14152622,
        70.79864528,  70.2884526 ,  69.75109939,  69.30138343,
        69.00365186,  68.86363329,  68.837553  ,  68.85313691,
        68.83452908,  68.72405397,  68.496824  ,  68.16749856,
        67.79054304,  67.45556529,  67.27811593,  67.38471974,
        67.88999504,  68.86441908,  70.29409914,  72.03875314,
        73.80003205,  75.11700756,  75.40557571,  74.05047216,
        70.54211085,  64.62973196,  56.44583086,  46.55410482,
        35.88981376,  25.59468284,  16.78633911,  10.32854688,
         6.67085058,   5.80269485,   7.32707262,  10.61852386,
        15.00585524,  19.92020657,  24.97203743,  29.95415705,
        34.79588711,  39.50396243,  44.11724859,  48.68324007,
        53.24710091,  57.83783682,  62.44251366,  66.97277812,
        71.23987143,  74.95793656,  77.7880934 ,  79.41993497,
        79.66926101,  78.55910254,  76.35169405,  73.51332978,
        70.61709597,  68.21103873,  66.69206412,  66.2238055 ,
        66.72129226,  67.90304249,  69.39031088,  70.82019948,
        71.93756956,  72.64007728,  72.96778485,  73.04774526,
        73.01814396,  72.96128406,  72.86891229,  72.64989481,
        72.17418897,  71.3339538 ,  70.09692494,  68.53096124,
        66.79069816,  65.07277363,  63.55854721,  62.36727801,
        61.53694102,  61.03728522,  60.80609564,  60.79055841,
        60.97453754,  61.37963205,  62.04008304,  62.96373995,
        64.09803676,  65.31829206,  66.44643644,  67.29551014,
        67.72422813,  67.68100859,  67.22022742,  66.48410299,
        65.65745014,  64.91371617,  64.37404451,  64.09456351,
        64.08296438,  64.32975512,  64.82998809,  65.57377871,
        66.4996254 ,  67.42768457,  68.009666  ,  67.73638956,
        66.02754656,  62.39483856,  56.63251008,  48.96539215,
        40.0874135 ,  31.05609918,  23.06030171,  17.12856937,
        13.87249317,  13.35084619,  15.09910306,  18.31106269,
        22.10700806,  25.79564539,  29.04451044,  31.91163966,
        34.74414368,  37.995542  ,  42.03576982,  47.01947786,
        52.84669984,  59.21087683,  65.69892277,  71.8965902 ,
        77.46096548,  82.14391635,  85.77511634,  88.23043567,
        89.41440561,  89.27372301,  87.83846354,  85.26903072,
        81.87950728,  78.11602879,  74.4881112 ,  71.47168878,
        69.41479489,  68.47534986,  68.60751919,  69.59553292,
        71.11929132,  72.82929594,  74.41017   ,  75.61977747,
        76.30088056,  76.37098356,  75.80139735,  74.59777855,
        72.79149599,  70.44499695,  67.666772  ,  64.625453  ,
        61.55101398,  58.71536127,  56.39332767,  54.81425985,
        54.11953061,  54.33980392,  55.39837128,  57.13694393,
        59.35260754,  61.83257581,  64.37725617,  66.80936884,
        68.97357886,  70.73427153,  71.97780184,  72.62108737,
        72.62348566,  71.99618167,  70.80408771,  69.15882912,
        67.20562948,  65.10948726,  63.04544309,  61.19384568,
        59.73580142,  58.83937692,  58.62709708,  59.12206504,
        60.18272421,  61.45024046,  62.34062516,  62.10946812,
        59.99787532,  55.43771069,  48.26292738,  38.85566436,
        28.162656  ,  17.55216421,   8.5341645 ,   2.41689472,
         0.        ,   1.39650606,   6.03556521,  12.84082608,
        20.52613617,  27.91875936,  34.21901297,  39.1318688 ,
        42.84935945,  45.90717013,  48.97061389,  52.616289  ,
        57.16609848,  62.60689179,  68.6018964 ,  74.5780406 ,
        79.86034231,  83.82025854,  86.00669566,  86.23439368,
        84.61418099,  81.52270572,  77.52337748,  73.26110402,
        69.35684583,  66.32285694,  64.50865807,  64.0768427 ,
        65.00173294,  67.08428545,  69.98105634,  73.24880417,
        76.4056388 ,  79.00395504,  80.70273164,  81.32190072,
        80.86315568,  79.49031995,  77.47513043,  75.12565862,
        72.71962943,  70.46140908,  68.47104929,  66.80114186,
        65.46779808,  64.47948147,  63.85190251,  63.60567129,
        63.75146434,  64.27171741,  65.10744108,  66.15514803,
        67.27457647,  68.30489557,  69.08601709,  69.48186053,
        69.40277888,  68.82407519,  67.79673067,  66.44606701,
        64.95528192,  63.53416081,  62.37800353,  61.62605393,
        61.33052493,  61.44564537,  61.84135833,  62.33983594,
        62.76674994,  63.00486308,  63.03582835,  62.95721255,
        62.96553986,  63.30258435,  64.17120676,  65.63780557,
        67.54827413,  69.48897723,  70.81932327,  70.78587679,
        68.70197055,  64.14918286,  57.13932932,  48.17832353,
        38.19980332,  28.37905777,  19.87957147,  13.60744764,
        10.04366031,   9.19425308,  10.65825295,  13.77881456,
        17.8263961 ,  22.16563225,  26.37344522,  30.29465768,
        34.03528132,  37.90105165,  42.29291286,  47.57615992,
        53.94698069,  61.32632581,  69.31139291,  77.20584093,
        84.13140107,  89.20065226,  91.71109076,  91.31160541,
        88.09785373,  82.6113445 ,  75.74225033,  68.56018037,
        62.11360621,  57.2437631 ,  54.45249524,  53.84823723,
        55.17447435,  57.90582825,  61.38324508,  64.95465255,
        68.09108049,  70.45819158,  71.93585024,  72.59050994,
        72.61455361,  72.25186901,  71.72916245,  71.20801315,
        70.76487526,  70.39763777,  70.05067258,  69.64735806,
        69.12006284,  68.43122845,  67.58352925,  66.6203695 ,
        65.61932859,  64.68081746,  63.9132739 ,  63.41596618,
        63.26140381,  63.48078381,  64.05641845,  64.92370482,
        65.98228194,  67.11321162,  68.19800271,  69.13643068,
        69.86206693,  70.35528101,  70.65219613,  70.8453699 ,
        71.06988305,  71.46930705,  72.14103011,  73.06932841,
        74.0650282 ,  74.7382977 ,  74.53065063,  72.81954577,
        69.08451887,  63.09478699,  55.05727305,  45.66358903,
        36.0001862 ,  27.33113772,  20.81048697,  17.21027273,
        16.74795422,  19.06357264,  23.34633761,  28.56260955,
        33.71030256,  38.02685095,  41.10482678,  42.90684052,
        43.70255225,  43.96421055,  44.25242051,  45.10932665,
        46.96360016,  50.04817594,  54.33764676,  59.52105698,
        65.02889664,  70.12477989,  74.05331294,  76.21304997,
        76.30754682,  74.42722912,  71.0329367 ,  66.84320421,
        62.65963444,  59.18478969,  56.88650425,  55.94214437,
        56.26552543,  57.59128155,  59.57729995,  61.88906797,
        64.24628044,  66.43274125,  68.2859755 ,  69.68710732,
        70.56416913,  70.90819761,  70.78916493,  70.35482547,
        69.8022074 ,  69.32530956,  69.0562681 ,  69.02353582,
        69.14592339,  69.26753042,  69.22180019,  68.90064977,
        68.30227091,  67.53973037,  66.80806941,  66.32341098,
        66.25709932,  66.68777135,  67.58546565,  68.82875081,
        70.2439333 ,  71.6491798 ,  72.88775223,  73.84217957,
        74.43115646,  74.598548  ,  74.30582267,  73.53522811,
        72.30369502,  70.68080853,  68.801382  ,  66.86486753,
        65.11813401,  63.82217743,  63.20549101,  63.40791929,
        64.42119432,  66.03754131,  67.82435909,  69.14651163,
        69.25276665,  67.42660742,  63.1768613 ,  56.41919759,
        47.58747601,  37.62359137,  27.82695346,  19.59023408,
        14.08898014,  12.01208697,  13.4098005 ,  17.70012642,
        23.82707483,  30.52179215,  36.59339117,  41.17556562,
        43.87495307,  44.7988222 ,  44.47209683,  43.67783182,
        43.26606745,  43.97345138,  46.2841284 ,  50.34728818,
        55.95423394,  62.5710202 ,  69.42073467,  75.60820868,
        80.2748811 ,  82.76173333,  82.74791924,  80.32940763,
        76.01141232,  70.61015078,  65.08601695,  60.35068786,
        57.09667746,  55.68787447,  56.12904302,  58.10990197,
        61.10282103,  64.48582096,  67.66357886,  70.16532179,
        71.70663245,  72.21025366,  71.78798492,  70.69125553,
        69.24177458,  67.75595293,  66.47778148,  65.53421953,
        64.92381051,  64.54209536,  64.2368989 ,  63.87585701,
        63.40263586,  62.86123059,  62.37963888,  62.12041814,
        62.21885497,  62.733612  ,  63.62807218,  64.78666226,
        66.05592912,  67.29151013,  68.39246188,  69.31238018,
        70.0478743 ,  70.61402597,  71.01992324,  71.25475471,
        71.28864585,  71.0858454 ,  70.62354971,  69.90842851,
        68.98446023,  67.92923996,  66.8404411 ,  65.81812105,
        64.95038002,  64.30828236,  63.95088408,  63.93426066,
        64.31276467,  65.12020708,  66.32584949,  67.77414996,
        69.1328256 ,  69.882821  ,  69.37895169,  66.98909344,
        62.28788006,  55.24956488,  46.36837157,  36.64456184,
        27.41246192,  20.04184489,  15.59514559,  14.54764518,
        16.66357215,  21.07189098,  26.51976532,  31.72395606,
        35.71152906,  38.05026469,  38.91057721,  38.95745662,
        39.12168939,  40.32775021,  43.2553178 ,  48.18785745,
        54.96787613,  63.04778351,  71.60663114,  79.69833644,
        86.40254551,  90.95866315,  92.8712733 ,  91.97887786,
        88.47884759,  82.90299926,  76.04312999,  68.83450664,
        62.21519105,  56.98613895,  53.69795796,  52.58429483,
        53.55111777,  56.21931432,  60.00840695,  64.24362867,
        68.2672266 ,  71.53665595,  73.69591   ,  74.61065115,
        74.36300978,  73.20832964,  71.50347367,  69.62275968,
        67.8805938 ,  66.47780829,  65.48206514,  64.84356932,
        64.43829996,  64.12425025,  63.79350632,  63.40536532,
        62.99262649,  62.64238956,  62.4607318 ,  62.53460679,
        62.90325765,  63.54652111,  64.39091103,  65.32859132,
        66.24090059,  67.01780591,  67.56757816,  67.81621323,
        67.70175724,  67.17211503,  66.19388103,  64.77376018,
        62.98537202,  60.98681056,  59.01259018,  57.32984672,
        56.16179571,  55.59708311,  55.51562464,  55.56417668,
        55.20523969,  53.84189605,  50.99394753,  46.47600928,
        40.51655499,  33.76664543,  27.17926142,  21.78532072,
        18.43275843,  17.57232551,  19.15906911,  22.69722754,
        27.40583364,  32.44352816,  37.11860203,  41.02627657,
        44.08930926,  46.51330631,  48.69007228,  51.08536295,
        54.13608508,  58.16665149,  63.32442181,  69.53385985,
        76.47550915,  83.60230355,  90.20523249,  95.52978838,
        98.92641818, 100.        ,  98.71471133,  95.41812321,
        90.77139799,  85.60271763,  80.72607228,  76.77703715,
        74.10815629,  72.76416843,  72.53140586,  73.035743  ,
        73.85483665,  74.61345379,  75.04207086,  74.99362048]), array([ 61, 148, 224, 306, 392, 476, 559, 646, 728, 813, 902]), {'peak_heights': array([75.70076416, 77.13001138, 96.33833666, 83.25441813, 79.66926101,
       89.41440561, 86.23439368, 91.71109076, 76.30754682, 82.76173333,
       92.8712733 ]), 'prominences': array([65.73602347, 67.16527069, 96.16130236, 72.84892953, 66.31841482,
       83.61171076, 77.0401406 , 79.69900379, 59.5595926 , 68.21408815,
       78.32362811]), 'left_bases': array([ 27,  27,  27, 287, 373, 373, 540, 540, 708, 793, 540]), 'right_bases': array([115, 206, 540, 373, 457, 540, 629, 793, 793, 883, 965]), 'widths': array([75.96981939, 76.4852805 , 64.87905941, 68.55916785, 68.75251566,
       66.9684711 , 73.45659083, 62.66752986, 68.34140809, 71.15913847,
       13.50514358]), 'width_heights': array([40.1426553 , 43.54737604, 48.25768547, 46.82995336, 46.5100536 ,
       47.60855023, 47.71432338, 51.86158887, 46.52775052, 48.65468926,
       55.2217994 ]), 'left_ips': array([ 33.61429334, 123.4991143 , 216.57768731, 298.41294535,
       382.52404938, 467.10108974, 549.58990906, 639.67266512,
       719.76494857, 806.58342792, 896.03142651]), 'right_ips': array([109.58411272, 199.98439479, 281.45674673, 366.9721132 ,
       451.27656504, 534.06956084, 623.0464999 , 702.34019498,
       788.10635666, 877.74256639, 909.53657008])})"
2,20.0,59.25925925925926,551.9057890618651,352.0564585403881,540.5401682293257,[ 840.  780. 1620.  790.  870.  810.  770. 1620.],0.42857142857142855,0.42857142857142855,0.0,True,"(array([ 60.16230117,  59.13446655,  57.69005714,  55.8968567 ,
        53.8199208 ,  51.5222675 ,  49.06952723,  46.53203015,
        43.98181144,  41.4867648 ,  39.10693978,  36.89721864,
        34.91667627,  33.2399048 ,  31.96237983,  31.19289377,
        31.03149383,  31.53887497,  32.70875793,  34.45513787,
        36.62099675,  39.00675938,  41.40932106,  43.65883233,
        45.64154609,  47.30221697,  48.62719117,  49.6171873 ,
        50.26391385,  50.54420363,  50.43814214,  49.96581141,
        49.22571549,  48.41222506,  47.79292061,  47.63944007,
        48.12385675,  49.2108361 ,  50.58692708,  51.66624507,
        51.69369754,  49.93560367,  45.91221486,  39.60069317,
        31.53346059,  22.74178752,  14.54303324,   8.22559794,
         4.72627382,   4.40237913,   6.97092028,  11.62996287,
        17.31547426,  23.0038343 ,  27.96157741,  31.87122938,
        34.81267226,  37.13209176,  39.26454066,  41.58005538,
        44.29931436,  47.48688617,  51.0964242 ,  55.02668972,
        59.15393775,  63.32840024,  67.34767698,  70.93548269,
        73.75367355,  75.45975668,  75.79874286,  74.69806322,
        72.32692689,  69.09104471,  65.55651721,  62.32307441,
        59.88541081,  58.52470274,  58.26031379,  58.87042347,
        59.96880096,  61.1106001 ,  61.89619566,  62.04777364,
        61.4449296 ,  60.1184612 ,  58.21219178,  55.92879976,
        53.47649028,  51.02952577,  48.70893954,  46.58268808,
        44.67925738,  43.0064374 ,  41.5675833 ,  40.37048408,
        39.42790216,  38.75257352,  38.35153444,  38.2241885 ,
        38.36581332,  38.77460393,  39.45761752,  40.43040167,
        41.7070163 ,  43.28108659,  45.10321239,  47.0636682 ,
        48.98984575,  50.66418233,  51.86121025,  52.39476193,
        52.16188918,  51.17092521,  49.54675342,  47.51369323,
        45.3618291 ,  43.40402969,  41.92888096,  41.151856  ,
        41.16622052,  41.89810597,  43.07621273,  44.232547  ,
        44.75163797,  43.97755456,  41.36988128,  36.67627793,
        30.07008433,  22.19777972,  14.09970472,   7.00566154,
         2.05196774,   0.        ,   1.0430666 ,   4.76391331,
        10.25742092,  16.37963013,  22.04507889,  26.48395696,
        29.39142875,  30.94317398,  31.69518733,  32.41487467,
        33.89666939,  36.8026306 ,  41.54795198,  48.23429747,
        56.62638697,  66.16857351,  76.04279971,  85.270577  ,
        92.85520281,  97.94701377, 100.        ,  98.88102298,
        94.89940877,  88.74471532,  81.34688468,  73.69517403,
        66.66163528,  60.86906369,  56.62643646,  53.93465982,
        52.54904954,  52.07603268,  52.07992209,  52.17884457,
        52.11422034,  51.78388883,  51.23488112,  50.61874735,
        50.12061727,  49.88135417,  49.93680908,  50.19548713,
        50.46445604,  50.51598272,  50.17101461,  49.36786427,
        48.18959471,  46.83989058,  45.57742621,  44.63391258,
        44.14497636,  44.11529941,  44.42473485,  44.8674029 ,
        45.20685881,  45.22961485,  44.78497361,  43.80718072,
        42.32212632,  40.4429802 ,  38.35767793,  36.30840104,
        34.56164884,  33.36845442,  32.91730346,  33.28591947,
        34.4010134 ,  36.01684468,  37.72379046,  38.9962258 ,
        39.28315089,  38.13374014,  35.33442682,  31.01947362,
        25.71154527,  20.25998091,  15.67330919,  12.88066397,
        12.48860265,  14.61011586,  18.82454326,  24.28618455,
        29.95087019,  34.85179353,  38.34218942,  40.23702702,
        40.82187634,  40.73982276,  40.80081172,  41.77182007,
        44.19981326,  48.29980491,  53.91814986,  60.56491391,
        67.50140755,  73.86672537,  78.82531148,  81.71356216,
        82.15930855,  80.14857891,  76.0229234 ,  70.40692074,
        64.08387093,  57.85095966,  52.38821655,  48.16783282,
        45.41594853,  44.1241318 ,  44.09750896,  45.02256943,
        46.53867535,  48.30073954,  50.02463507,  51.51115287,
        52.64870915,  53.39910342,  53.77353039,  53.80695577,
        53.53777833,  52.99705157,  52.20834949,  51.19637556,
        50.00009423,  48.68486103,  47.34809521,  46.1146746 ,
        45.12122995,  44.49215939,  44.31336338,  44.61121024,
        45.34323345,  46.4035672 ,  47.6413587 ,  48.88637129,
        49.97446603,  50.76705477,  51.16194041,  51.0965591 ,
        50.54718668,  49.52847783,  48.09657406,  46.35612315,
        44.46754068,  42.64696643,  41.14948422,  40.22834563,
        40.07036753,  40.71931688,  42.01099117,  43.54993921,
        44.75304251,  44.96774716,  43.64626145,  40.53028149,
        35.78503853,  30.02616526,  24.21106509,  19.41144007,
        16.52949703,  16.04768546,  17.89675901,  21.48884694,
        25.90500364,  30.17292241,  33.54132788,  35.66369648,
        36.64133197,  36.92789597,  37.14307578,  37.86590173,
        39.4733154 ,  42.06348275,  45.46926272,  49.33858147,
        53.24382575,  56.78350912,  59.65209827,  61.67059544,
        62.78429514,  63.0411728 ,  62.56438068,  61.52763499,
        60.13609222,  58.61042117,  57.16982279,  56.01101306,
        55.28372739,  55.06735327,  55.3558399 ,  56.05760535,
        57.01352134,  58.0303581 ,  58.92146781,  59.54334685,
        59.81767515,  59.73347488,  59.33120631,  58.67682094,
        57.83637383,  56.85995364,  55.77869043,  54.61288202,
        53.38514853,  52.13129183,  50.90328354,  49.76258885,
        48.76628556,  47.95150611,  47.32449728,  46.8588801 ,
        46.50424901,  46.20237657,  45.90537524,  45.58924506,
        45.25765822,  44.93419016,  44.6454994 ,  44.40184698,
        44.18340749,  43.93991171,  43.6069683 ,  43.13594272,
        42.527775  ,  41.85727351,  41.2751206 ,  40.98024957,
        41.16384333,  41.93551135,  43.24993478,  44.85676065,
        46.29639388,  46.95806807,  46.20298722,  43.53512171,
        38.77977978,  32.21383339,  24.59164118,  17.03379829,
        10.78879461,   6.92601492,   6.05165779,   8.14054389,
        12.54289388,  18.16773576,  23.78555586,  28.35473885,
        31.27316965,  32.48775457,  32.4464724 ,  31.92859547,
        31.8199767 ,  32.90303851,  35.70930329,  40.44932431,
        47.00653015,  54.9689948 ,  63.67863687,  72.29366438,
        79.87470054,  85.50673148,  88.45421167,  88.32208403,
        85.17529558,  79.56767388,  72.45333686,  64.99295445,
        58.30608206,  53.24131378,  50.22877447,  49.2486518 ,
        49.90971346,  51.59970171,  53.65560006,  55.50706721,
        56.76458249,  57.24602838,  56.95363754,  56.02273681,
        54.66363828,  53.11093053,  51.58507691,  50.26450991,
        49.26504752,  48.6266891 ,  48.31197058,  48.22082142,
        48.22239175,  48.19658782,  48.07174852,  47.84434556,
        47.57293301,  47.34901479,  47.25696138,  47.33905587,
        47.57854344,  47.90510544,  48.21774938,  48.41408055,
        48.41468998,  48.17633594,  47.69447957,  47.00038933,
        46.15767867,  45.25823034,  44.41169957,  43.72105086,
        43.24178158,  42.93339122,  42.62300125,  42.00586704,
        40.70066665,  38.35855164,  34.79984638,  30.13170392,
        24.79541381,  19.50974058,  15.11302601,  12.34782653,
        11.65895446,  13.07520347,  16.21554559,  20.41445963,
        24.91803746,  29.08057941,  32.49878268,  35.05237908,
        36.86031782,  38.19119974,  39.37308148,  40.73145407,
        42.5576051 ,  45.08910231,  48.48053721,  52.75584756,
        57.7541285 ,  63.09637807,  68.20212229,  72.37064774,
        74.91737167,  75.33202626,  73.41234956,  69.33114034,
        63.61491432,  57.0408253 ,  50.48319024,  44.75235522,
        40.46424131,  37.96360822,  37.30619414,  38.29113903,
        40.52796487,  43.52087195,  46.75495453,  49.77224353,
        52.22910301,  53.92986396,  54.83457756,  55.04172419,
        54.74996254,  54.20637016,  53.65129324,  53.27086945,
        53.16682085,  53.34915669,  53.75166162,  54.26398516,
        54.76979951,  55.179482  ,  55.44843897,  55.57736876,
        55.59655095,  55.54101201,  55.42620408,  55.23401277,
        54.91586589,  54.41346014,  53.6898601 ,  52.75786116,
        51.6919085 ,  50.61553878,  49.66605399,  48.94781056,
        48.49122236,  48.23420695,  48.03630798,  47.72488928,
        47.16087313,  46.3025806 ,  45.24392887,  44.20899511,
        43.49720148,  43.38835175,  44.03036968,  45.34169387,
        46.96250747,  48.28220837,  48.55350818,  47.07785267,
        43.41860227,  37.57793528,  30.07195634,  21.86238124,
        14.14846129,   8.07395929,   4.43951005,   3.51367402,
         5.00319448,   8.18691912,  12.16100097,  16.10774287,
        19.4997686 ,  22.18349171,  24.33583828,  26.33392155,
        28.60052666,  31.48242284,  35.190935  ,  39.80058549,
        45.27767438,  51.50527132,  58.28365731,  65.30742145,
        72.1405657 ,  78.21943777,  82.90619522,  85.59570835,
        85.85447072,  83.55130908,  78.93476416,  72.62416932,
        65.5072585 ,  58.56745596,  52.6874171 ,  48.48287598,
        46.2097072 ,  45.76214855,  46.75144944,  48.63255476,
        50.83856567,  52.8890028 ,  54.45312948,  55.36633574,
        55.60990398,  55.26998513,  54.49112621,  53.4355185 ,
        52.25359272,  51.06645722,  49.957299  ,  48.96809088,
        48.09968876,  47.31632269,  46.5573939 ,  45.75855592,
        44.8800868 ,  43.93537017,  43.00882942,  42.25338262,
        41.86304428,  42.02494341,  42.86322006,  44.39137241,
        46.48784777,  48.90291664,  51.29604796,  53.29531931,
        54.56590022,  54.87377183,  54.13281218,  52.42692327,
        50.00291119,  47.23382255,  44.55641991,  42.39058278,
        41.05239041,  40.67582661,  41.15979487,  42.15687349,
        43.11691379,  43.390302  ,  42.38091822,  39.71900465,
        35.40595186,  29.87703782,  23.94342885,  18.61153495,
        14.82407012,  13.2026229 ,  13.87812088,  16.46784752,
        20.20633389,  24.18382602,  27.61159042,  30.03024078,
        31.40412885,  32.08839112,  32.69690045,  33.92362217,
        36.37080147,  40.42022656,  46.16076289,  53.36845175,
        61.53015545,  69.90492392,  77.62076487,  83.80150572,
        87.70850995,  88.87114753,  87.17590236,  82.89086361,
        76.6180083 ,  69.18387322,  61.49354076,  54.37972935,
        48.47772296,  44.14924946,  41.46625731,  40.25142482,
        40.15950012,  40.7757335 ,  41.70694505,  42.64677307,
        43.40650645,  43.91288545,  44.18157403,  44.27858276,
        44.28199919,  44.25378184,  44.22703727,  44.20910952,
        44.19605235,  44.19082195,  44.21686824,  44.3210722 ,
        44.56438092,  45.00328356,  45.66862993,  46.5492302 ,
        47.58620154,  48.68072253,  49.7135501 ,  50.57059055,
        51.16665262,  51.460532  ,  51.45859787,  51.20911357,
        50.79286071,  50.31524784,  49.9009198 ,  49.6861209 ,
        49.80035412,  50.33067628,  51.27045443,  52.46700478,
        53.59318958,  54.16968452,  53.65285418,  51.57937149,
        47.73086072,  42.26220536,  35.7373021 ,  29.04071344,
        23.17664189,  19.01154491,  17.04376619,  17.27927556,
        19.25689709,  22.21308432,  25.32688554,  27.9599118 ,
        29.81340825,  30.96053142,  31.76048462,  32.70166825,
        34.23779954,  36.67020334,  40.09994444,  44.44110464,
        49.4660786 ,  54.85222011,  60.21351311,  65.12086011,
        69.12808706,  71.82022134,  72.88647654,  72.20088421,
        69.88014617,  66.2894806 ,  61.98369275,  57.59497172,
        53.69954951,  50.70302806,  48.77626762,  47.85490012,
        47.69446332,  47.95788423,  48.30678102,  48.47259437,
        48.29449713,  47.72354689,  46.80216456,  45.63212609,
        44.34284939,  43.06700253,  41.92522974,  41.01823882,
        40.4233182 ,  40.19294519,  40.35426869,  40.90890297,
        41.832513  ,  43.07377004,  44.55312179,  46.16339037,
        47.77545667,  49.25187995,  50.46858063,  51.34039791,
        51.84243142,  52.01797523,  51.9669565 ,  51.81551354,
        51.67516415,  51.60555686,  51.5953743 ,  51.57074335,
        51.43096573,  51.10080539,  50.58085626,  49.9756639 ,
        49.48425706,  49.34834334,  49.76692535,  50.79916093,
        52.28640379,  53.82600269,  54.82069756,  54.60755035,
        52.64263964,  48.69070725,  42.95448523,  36.08700208,
        29.06428487,  22.94587222,  18.59650369,  16.46293613,
        16.48360713,  18.16084016,  20.76491253,  23.59145294,
        26.17763581,  28.40416378,  30.45885822,  32.692318  ,
        35.43354762,  38.83965417,  42.82957636,  47.11156292,
        51.27719788,  54.91601996,  57.70829906,  59.47278941,
        60.16937707,  59.8728297 ,  58.73833459,  56.97350244,
        54.82054349,  52.54291821,  50.40752197,  48.65722696,
        47.4764231 ,  46.95920611,  47.09206685,  47.75923699,
        48.7711805 ,  49.9086633 ,  50.96974032,  51.80664088,
        52.3436525 ,  52.5738544 ,  52.53941977,  52.30488744,
        51.93380309,  51.4761723 ,  50.96846253,  50.44194345,
        49.9317727 ,  49.4800372 ,  49.13034991,  48.91702549,
        48.85527238,  48.93843471,  49.14449293,  49.44907793,
        49.83892171,  50.31948834,  50.9130626 ,  51.64713792,
        52.53606192,  53.56105514,  54.65491894,  55.69768986,
        56.52753322,  56.96712737,  56.86066745,  56.11233675,
        54.71554115,  52.76431636,  50.44364637,  48.00210662,
        45.71540058,  43.85027162,  42.63412696,  42.22887778,
        42.70286631,  43.99680164,  45.88898544,  47.97709955,
        49.70039139,  50.42024025,  49.55740019,  46.75690606,
        42.02882891,  35.80774952,  28.89319133,  22.27351932,
        16.88167834,  13.36190616,  11.92657122,  12.3498464 ,
        14.09379027,  16.514843  ,  19.07443723,  21.48438612,
        23.74966674,  26.11198016,  28.9294387 ,  32.5400706 ,
        37.14939249,  42.76368754,  49.17204527,  55.96912393,
        62.60793434,  68.47381222,  72.97226208,  75.62178826,
        76.13865424,  74.49674128,  70.94615545,  65.98135785,
        60.26236518,  54.50631932,  49.37528365,  45.38535712,
        42.85266543,  41.8785498 ,  42.36583492,  44.05449071,
        46.56785994,  49.46580681,  52.30384964,  54.69517466,
        56.3668793 ,  57.1972676 ,  57.22191706,  56.60393612,
        55.57561733,  54.36922729,  53.15889702,  52.03124482,
        50.99112707,  49.99556508,  48.99910691,  47.99143865,
        47.01321242,  46.14590115,  45.4818014 ,  45.08742867,
        44.97538938,  45.09606571,  45.35251389,  45.63270813,
        45.84632128,  45.95179723,  45.96452869,  45.94618312,
        45.98367007,  46.16902663,  46.5869474 ,  47.30774017,
        48.37616956,  49.78653115,  51.44311354,  53.1194151 ,
        54.44145684,  54.92192923,  54.05803047,  51.47914127,
        47.10122073,  41.22774638,  34.54442366,  27.98884272,
        22.52491277,  18.89353858,  17.42511851,  17.97829486,
        20.02232585,  22.82847627,  25.70049661,  28.16775575,
        30.08573452,  31.62552201,  33.17089116,  35.16575624,
        37.96104156,  41.70074214,  46.26957988,  51.30682293,
        56.27704967,  60.57956223,  63.67256396,  65.18560174,
        64.99533313,  63.24703686,  60.31724036,  56.7281973 ,
        53.03758979,  49.73227197,  47.15150161,  45.45463361,
        44.63455112,  44.56555724,  45.06660028,  45.95944427,
        47.10642006,  48.4212876 ,  49.85598255,  51.37261595,
        52.91282525,  54.37593303,  55.61442259,  56.45062591,
        56.71253266,  56.28010592,  55.12832516,  53.35175831,
        51.15935807,  48.8369842 ,  46.6862236 ,  44.95725955,
        43.79679885,  43.22743069,  43.16367681,  43.45689453,
        43.95162286,  44.53366033,  45.15533824,  45.83305251,
        46.6218228 ,  47.57809111,  48.72386119,  50.02312394,
        51.37675795,  52.63647425,  53.6335656 ,  54.21542805]), array([ 70, 154, 232, 394, 473, 560, 641, 718, 880]), {'peak_heights': array([ 75.79874286, 100.        ,  82.15930855,  88.45421167,
        75.33202626,  85.85447072,  88.87114753,  72.88647654,
        76.13865424]), 'prominences': array([72.28506884, 96.48632598, 69.6707059 , 82.40255389, 63.67307179,
       72.65184782, 76.94457631, 55.84271035, 59.09488806]), 'left_bases': array([ 49, 133, 212, 374, 452, 539, 539, 698, 862]), 'right_bases': array([133, 539, 374, 539, 539, 621, 862, 862, 938]), 'widths': array([36.92531403, 21.62952879, 14.54466684, 46.60520327, 14.92261796,
       14.06871334, 13.08649776, 24.41306553, 13.02296148]), 'width_heights': array([40.100561  , 51.75683701, 47.3239556 , 47.25293473, 43.49549036,
       49.52854681, 50.39885938, 44.96512136, 46.78188638]), 'left_ips': array([ 58.36105162, 147.41974523, 224.76198749, 388.03094577,
       464.37048639, 552.68258631, 634.58799659, 711.10428247,
       873.62702474]), 'right_ips': array([ 95.28636565, 169.04927402, 239.30665433, 434.63614904,
       479.29310435, 566.75129965, 647.67449435, 735.517348  ,
       886.64998622])})"
3,30.0,73.7100737100737,62.53887679764573,47.58150901348127,59.254629448770594,[920. 810. 860. 780. 780. 820. 790. 800. 840. 740.],0.3333333333333333,0.0,0.0,False,"(array([ 53.35545462,  52.89299261,  51.98767163,  50.83233887,
        49.71125882,  48.96130853,  48.90740306,  49.77622372,
        51.60283748,  54.15628003,  56.91646323,  59.12957692,
        59.94977809,  58.64495815,  54.81382454,  48.54418212,
        40.44986454,  31.5589374 ,  23.07786419,  16.10384348,
        11.37847942,   9.15978191,   9.24309757,  11.10570215,
        14.10861247,  17.67884731,  21.4169523 ,  25.11459599,
        28.70509051,  32.18932714,  35.57591365,  38.85437994,
        41.99747738,  44.97445955,  47.75657693,  50.30619622,
        52.55480873,  54.38512479,  55.63372154,  56.1229985 ,
        55.71819282,  54.39265747,  52.27782357,  49.67618223,
        47.02591131,  44.82105153,  43.50611028,  43.37334886,
        44.49150078,  46.68612334,  49.57701602,  52.66187611,
        55.4228326 ,  57.42776075,  58.40257116,  58.2617257 ,
        57.09736155,  55.1377867 ,  52.6908673 ,  50.0867713 ,
        47.62963461,  45.56195344,  44.04156403,  43.13019279,
        42.79399768,  42.91800235,  43.33549622,  43.8695294 ,
        44.37805465,  44.79013692,  45.12090326,  45.45857451,
        45.92632842,  46.63116144,  47.61736653,  48.84136597,
        50.17757961,  51.45416824,  52.50662382,  53.230259  ,
        53.61251761,  53.73311581,  53.7318695 ,  53.75616971,
        53.90775848,  54.20880466,  54.60024485,  54.9737099 ,
        55.22636607,  55.31950642,  55.31882085,  55.3973364 ,
        55.79070964,  56.70822996,  58.21971112,  60.15401311,
        62.05240667,  63.21260282,  62.8344134 ,  60.24070106,
        55.11063818,  47.64350667,  38.58348592,  29.07961688,
        20.41499047,  13.68976529,   9.56120816,   8.12241513,
         8.9496152 ,  11.28816829,  14.30330768,  17.30870923,
        19.90572464,  22.00724815,  23.76424357,  25.44257086,
        27.30364096,  29.5264783 ,  32.18194266,  35.24606275,
        38.62855347,  42.19643045,  45.78550524,  49.20547509,
        52.25015242,  54.72104563,  56.4631776 ,  57.40260205,
        57.57077024,  57.10389029,  56.21426918,  55.1412844 ,
        54.09740282,  53.22632033,  52.58539583,  52.15541263,
        51.87118371,  51.66031446,  51.47653206,  51.31795863,
        51.22719526,  51.27617758,  51.54234567,  52.08311576,
        52.91379852,  53.99181183,  55.20914097,  56.39607677,
        57.34076244,  57.82805461,  57.69554954,  56.89526203,
        55.54061004,  53.91559343,  52.43004617,  51.5209741 ,
        51.52004601,  52.52360515,  54.30742351,  56.32089171,
        57.77590839,  57.81916238,  55.74939146,  51.22130659,
        44.37329752,  35.83255438,  26.58768508,  17.76407137,
        10.37252137,   5.11032849,   2.2704629 ,   1.76990021,
         3.26322393,   6.28312097,  10.3543172 ,  15.05542153,
        20.03653157,  25.020937  ,  29.8175646 ,  34.35085013,
        38.69023249,  43.04792057,  47.72004389,  52.97100857,
        58.89219167,  65.28808676,  71.64317699,  77.19839528,
        81.12575606,  82.75016906,  81.74569425,  78.23961146,
        72.78991368,  66.24705834,  59.55021386,  53.52598986,
        48.74815991,  45.48687321,  43.74019963,  43.31499416,
        43.9168663 ,  45.21961121,  46.90404816,  48.67367538,
        50.26223824,  51.44520036,  52.05792927,  52.01485389,
        51.32057018,  50.06652195,  48.412853  ,  46.56063318,
        44.72217995,  43.09586054,  41.84779781,  41.09886026,
        40.91373847,  41.29082612,  42.15575195,  43.36477421,
        44.72395642,  46.02510778,  47.09164858,  47.8206943 ,
        48.20581737,  48.3301712 ,  48.33044892,  48.34383904,
        48.45725818,  48.67741914,  48.93239638,  49.10411728,
        49.08109544,  48.81450328,  48.35899481,  47.88218888,
        47.63318168,  47.87066913,  48.76402266,  50.29299637,
        52.17924816,  53.88125364,  54.67136738,  53.7912484 ,
        50.6549822 ,  45.04629908,  37.24668417,  28.04225653,
        18.59012902,  10.17093488,   3.89617102,   0.45848212,
         0.        ,   2.13284625,   6.09399868,  10.97517117,
        15.95252431,  20.45385751,  24.23281096,  27.35420489,
        30.11754293,  32.95107541,  36.3007266 ,  40.5264186 ,
        45.81176104,  52.09479011,  59.03384904,  66.02645713,
        72.2934839 ,  77.0242355 ,  79.5550176 ,  79.53464706,
        77.02608149,  72.50888865,  66.77817538,  60.76935062,
        55.36059509,  51.20763504,  48.64924784,  47.69567047,
        48.08718304,  49.39499828,  51.13353743,  52.85914376,
        54.23993471,  55.09050489,  55.37193186,  55.16259133,
        54.60967194,  53.87478231,  53.08801792,  52.32163424,
        51.58724245,  50.85190744,  50.06261008,  49.16800904,
        48.13117811,  46.93402569,  45.5792794 ,  44.09620486,
        42.55140607,  41.05904705,  39.78027218,  38.90315715,
        38.60247788,  38.98929885,  40.0681601 ,  41.71989982,
        43.71998403,  45.78894026,  47.65894881,  49.13430467,
        50.12592874,  50.65021524,  50.79612735,  50.67630886,
        50.38355273,  49.97104197,  49.46419027,  48.89735605,
        48.35566231,  47.99616251,  48.02721307,  48.63997425,
        49.90699704,  51.68234519,  53.54757105,  54.84208425,
        54.7932794 ,  52.72572368,  48.29135974,  41.64041821,
        33.45989028,  24.84646171,  17.04121881,  11.10917383,
         7.67201504,   6.7845884 ,   7.99139325,  10.53206455,
        13.61262858,  16.64269055,  19.36209745,  21.83158676,
        24.31715969,  27.13367391,  30.51605896,  34.55950999,
        39.22973399,  44.41180974,  49.95575868,  55.68987504,
        61.39900135,  66.78930572,  71.47188386,  74.99077607,
        76.90113999,  76.87985483,  74.83382325,  70.96743353,
        65.78145061,  59.99703006,  54.4227341 ,  49.80039984,
        46.6709203 ,  45.29222042,  45.6234822 ,  47.36979086,
        50.0669561 ,  53.18080784,  56.19810092,  58.69400737,
        60.3703391 ,  61.06647237,  60.7500504 ,  59.49640491,
        57.46439056,  54.87285252,  51.97791052,  49.04861375,
        46.33868753,  44.05505684,  42.32803703,  41.19116712,
        40.5787017 ,  40.34519948,  40.30531742,  40.28477582,
        40.16808967,  39.92769939,  39.62407981,  39.37630362,
        39.31370977,  39.52690099,  40.03671353,  40.79266498,
        41.70048711,  42.66625887,  43.63691028,  44.61658064,
        45.6462905 ,  46.74872194,  47.85619449,  48.75229598,
        49.06045529,  48.30264042,  46.02891123,  41.98925967,
        36.29308371,  29.49092345,  22.52717034,  16.55202466,
        12.6342811 ,  11.46203572,  13.13430643,  17.12223962,
        22.42107486,  27.84552976,  32.36932353,  35.39526315,
        36.8712882 ,  37.22775978,  37.17698098,  37.46063287,
        38.63787116,  40.97678587,  44.46122469,  48.87747629,
        53.92099012,  59.26969595,  64.60053565,  69.56266785,
        73.74634819,  76.6894536 ,  77.94380313,  77.19095697,
        74.36758027,  69.7477578 ,  63.94020037,  57.788013  ,
        52.1949544 ,  47.9295719 ,  45.46623233,  44.90777983,
        46.00525697,  48.25805646,  51.05519744,  53.81245155,
        56.0706846 ,  57.54122914,  58.10452427,  57.78054076,
        56.69066207,  55.02330407,  53.0055469 ,  50.87632255,
        48.8564006 ,  47.11579371,  45.74624908,  44.75011278,
        44.05380104,  43.54502949,  43.12215311,  42.73704955,
        42.41380129,  42.23427394,  42.29512951,  42.65315967,
        43.28148259,  44.05525801,  44.77372366,  45.21103456,
        45.1780807 ,  44.57509565,  43.42007443,  41.84715301,
        40.07782274,  38.37327383,  36.97769075,  36.06135452,
        35.6713213 ,  35.6981235 ,  35.86925963,  35.78142023,
        34.97909033,  33.07444031,  29.88416546,  25.54113191,
        20.53346045,  15.63894314,  11.75691155,   9.68035689,
         9.87995568,  12.37400398,  16.73093674,  22.20426429,
        27.95222215,  33.26550905,  37.72784626,  41.2645996 ,
        44.08046326,  46.52765676,  48.96405755,  51.65098369,
        54.7116435 ,  58.14034974,  61.83468183,  65.62395149,
        69.28276009,  72.53658309,  75.07604029,  76.59303709,
        76.83860304,  75.68751354,  73.18707915,  69.57067877,
        65.22853429,  60.64262288,  56.30301919,  52.62601826,
        49.89089936,  48.20549463,  47.50408756,  47.57596483,
        48.11870157,  48.80609949,  49.35686524,  49.58829664,
        49.44147911,  48.97154742,  48.30690877,  47.59143076,
        46.9294367 ,  46.35221749,  45.81664264,  45.23430491,
        44.51838382,  43.62971513,  42.60540032,  41.56103771,
        40.66725046,  40.10868583,  40.03721614,  40.53109886,
        41.56974091,  43.03041579,  44.7089293 ,  46.36081   ,
        47.75387405,  48.71876597,  49.18340976,  49.18140785,
        48.8325458 ,  48.3028874 ,  47.75866278,  47.32925759,
        47.08949171,  47.06220843,  47.23298938,  47.56368941,
        47.99300223,  48.42032416,  48.68079108,  48.52941219,
        47.65525291,  45.73922311,  42.55196797,  38.06720246,
        32.54947216,  26.5727417 ,  20.9424092 ,  16.52581726,
        14.03398911,  13.82382735,  15.79131021,  19.39846162,
        23.82962033,  28.22493702,  31.91111303,  34.55302894,
        36.18339818,  37.11615984,  37.79173372,  38.62072776,
        39.88136259,  41.69306477,  44.05179165,  46.88901159,
        50.11482939,  53.62379338,  57.26783774,  60.82090354,
        63.96510939,  66.31818202,  67.50262871,  67.23824676,
        65.42877932,  62.2140915 ,  57.96964593,  53.25074469,
        48.69462655,  44.90459768,  42.34420407,  41.26539656,
        41.68422369,  43.40412618,  46.07459223,  49.26557107,
        52.53775405,  55.49511868,  57.81588426,  59.26680282,
        59.70982793,  59.10847664,  57.53530279,  55.17533224,
        52.31670136,  49.32125249,  46.57419232,  44.42041261,
        43.10184255,  42.71217275,  43.18164532,  44.29683498,
        45.75116685,  47.21405247,  48.40203386,  49.13522145,
        49.36633994,  49.17649243,  48.73955496,  48.26444842,
        47.93022521,  47.8316415 ,  47.95126892,  48.1676081 ,
        48.29815826,  48.16473739,  47.65921221,  46.78474867,
        45.65321034,  44.43358801,  43.26596807,  42.17351767,
        41.01275604,  39.49394189,  37.27888965,  34.13058139,
        30.06069293,  25.41135871,  20.82426346,  17.09055766,
        14.92411251,  14.73660616,  16.49814577,  19.73749077,
        23.68363025,  27.49792431,  30.51515139,  32.41423715,
        33.27198467,  33.49982402,  33.70341327,  34.52182952,
        36.49358694,  39.97049943,  45.07393597,  51.67520373,
        59.38708209,  67.57056689,  75.37664258,  81.84487113,
        86.06369123,  87.36733261,  85.51579736,  80.79389609,
        73.98223046,  66.19362195,  58.61679776,  52.24427185,
        47.66782571,  45.00017088,  43.93616627,  43.9199292 ,
        44.35292745,  44.77242715,  44.94875827,  44.88419671,
        44.73203386,  44.67893859,  44.83980406,  45.20207588,
        45.63271568,  45.9355388 ,  45.92931096,  45.51346054,
        44.69844476,  43.59586382,  42.38046995,  41.24470063,
        40.36373209,  39.87856295,  39.89293659,  40.4731966 ,
        41.64126751,  43.35838489,  45.50633988,  47.87866581,
        50.19330107,  52.13115563,  53.39488248,  53.77331414,
        53.19306963,  51.74141538,  49.65275058,  47.26204887,
        44.93800839,  43.01281558,  41.72290469,  41.16786641,
        41.2874044 ,  41.85379305,  42.48139859,  42.66224205,
        41.84017315,  39.52912172,  35.46165648,  29.72959954,
        22.86207113,  15.79120474,   9.68642995,   5.68574983,
         4.59713397,   6.6641307 ,  11.47591009,  18.05724436,
        25.11532809,  31.36977193,  35.86767527,  38.19510596,
        38.53442877,  37.56806734,  36.27393319,  35.6808013 ,
        36.64868655,  39.71637967,  45.02910318,  52.33677205,
        61.04433652,  70.29860821,  79.10334387,  86.45776149,
        91.50869272,  93.69532997,  92.85541698,  89.2612611 ,
        83.56754889,  76.67767996,  69.56149446,  63.07311733,
        57.81574391,  54.08156436,  51.8684274 ,  50.95182417,
        50.97973458,  51.56064967,  52.32733588,  52.97335321,
        53.26950406,  53.07019386,  52.31609152,  51.03332648,
        49.32516932,  47.35232373,  45.30216009,  43.35254657,
        41.63911461,  40.234233  ,  39.14232805,  38.31144522,
        37.65690594,  37.09043633,  36.54731598,  36.00477905,
        35.48704079,  35.05578175,  34.78912942,  34.75593921,
        34.99391826,  35.49866197,  36.22614492,  37.10556598,
        38.05561373,  38.99726018,  39.85979372,  40.5814423 ,
        41.10877135,  41.398867  ,  41.42599896,  41.19177104,
        40.73594501,  40.14429127,  39.54947402,  39.12085899,
        39.03972839,  39.4587096 ,  40.44906747,  41.94657587,
        43.71392842,  45.34131483,  46.30263687,  46.07048424,
        44.27042037,  40.83181912,  36.07974166,  30.72035453,
        25.70371813,  21.99303989,  20.30964603,  20.9385414 ,
        23.66157019,  27.84052422,  32.61955949,  37.17611097,
        40.93703038,  43.69528375,  45.60322366,  47.06352543,
        48.56977003,  50.55459224,  53.28610751,  56.82522395,
        61.03248455,  65.60305107,  70.11287877,  74.07082237,
        76.98049155,  78.4153526 ,  78.10085023,  75.98488199,
        72.27200034,  67.402929  ,  61.97766492,  56.63974008,
        51.95229933,  48.29862061,  45.83104555,  44.47711357,
        43.99529786,  44.05999418,  44.34978138,  44.61565343,
        44.71536909,  44.61248253,  44.34944792,  44.00988093,
        43.68434928,  43.44833038,  43.35346588,  43.42751666,
        43.67668276,  44.08611833,  44.61842267,  45.2128246 ,
        45.78801343,  46.24955326,  46.50051817,  46.45311689,
        46.03979506,  45.22350251,  44.00739155,  42.44388676,
        40.64210168,  38.77117279,  37.05532296,  35.75492863,
        35.12805821,  35.37079586,  36.54297061,  38.49688308,
        40.83575711,  42.93035988,  44.01243536,  43.34197224,
        40.41665844,  35.16584375,  28.06016746,  20.08151066,
        12.53725111,   6.75667814,   3.75493421,   3.96972377,
         7.15751533,  12.48450278,  18.78239732,  24.88474889,
        29.93595013,  33.58025511,  35.98499191,  37.71146576,
        39.49539174,  42.01845645,  45.73960534,  50.81914507,
        57.12926165,  64.31814356,  71.8894461 ,  79.27118613,
        85.86796433,  91.10631686,  94.4876558 ,  95.65559746,
        94.4693411 ,  91.06053598,  85.84606175,  79.47776058,
        72.73046745,  66.35359022,  60.92805295,  56.77122235,
        53.91623473,  52.16575001,  51.19495856,  50.66487837,
        50.30908633,  49.97240105,  49.60090932,  49.20014335,
        48.78599295,  48.34987991,  47.84925789,  47.22225605,
        46.41614173,  45.41557322,  44.2581916 ,  43.03049878,
        41.84438219,  40.80201656,  39.96182026,  39.31858875,
        38.80624825,  38.3233479 ,  37.77261082,  37.10018218,
        36.32011801,  35.51529693,  34.81489705,  34.35695634,
        34.24887009,  34.53769568,  35.19720277,  36.13263943,
        37.19976161,  38.23272424,  39.07526223,  39.60992348,
        39.78019057,  39.60030834,  39.14831326,  38.54001639,
        37.88606518,  37.24053654,  36.55635693,  35.66711403,
        34.3124982 ,  32.21304948,  29.18064213,  25.23113846,
        20.6550347 ,  16.00890751,  12.01570563,   9.39632549,
         8.68331913,  10.07684503,  13.38904181,  18.09247843,
        23.45420772,  28.71216949,  33.24308455,  36.68095811,
        38.9664668 ,  40.32989722,  41.2252579 ,  42.23718765,
        43.97774931,  46.98294769,  51.61437328,  57.97244389,
        65.83341829,  74.62870678,  83.48630986,  91.34565878,
        97.13799085, 100.        ,  99.46899008,  95.60350933,
        88.98943833,  80.62385545,  71.70600735,  63.39215986]), array([ 97, 189, 270, 356, 434, 512, 594, 673, 753, 837, 911]), {'peak_heights': array([63.21260282, 82.75016906, 79.5550176 , 76.90113999, 77.94380313,
       76.83860304, 67.50262871, 87.36733261, 93.69532997, 78.4153526 ,
       95.65559746]), 'prominences': array([61.44270261, 80.98026885, 72.7704292 , 65.43910427, 68.26344625,
       63.0147757 , 52.76602255, 82.77019865, 89.94039576, 58.10570657,
       75.34595143]), 'left_bases': array([ 21, 171, 252, 337, 337, 491, 573, 252, 252, 818, 252]), 'right_bases': array([171, 252, 337, 413, 491, 573, 653, 732, 890, 890, 972]), 'widths': array([72.06609634, 32.85050229, 36.09955603, 31.98901875, 34.66140541,
       34.32248759, 59.22446262, 14.49426864, 25.7983741 , 16.30942424,
       17.78388977]), 'width_heights': array([36.18619236, 42.26003463, 43.169803  , 44.18158785, 43.81208001,
       45.3312152 , 41.11961743, 45.98223329, 48.72513209, 49.36249931,
       52.16945829]), 'left_ips': array([ 30.18614762, 180.81919634, 263.50013493, 348.95557342,
       425.8137018 , 500.51109646, 584.68347594, 666.13759438,
       746.505774  , 828.39939561, 903.2139918 ]), 'right_ips': array([102.25224396, 213.66969864, 299.59969096, 380.94459217,
       460.47510721, 534.83358405, 643.90793855, 680.63186301,
       772.3041481 , 844.70881986, 920.99788157])})"
4,40.0,73.77049180327869,28.284271247461902,18.856180831641264,20.0,[840. 800. 800.],0.0,0.0,,True,"(array([ 49.71690912,  44.19381775,  41.04935942,  39.94670232,
        40.27977183,  41.35017924,  42.5257373 ,  43.3488679 ,
        43.58244759,  43.19837705,  42.32581913,  41.18013207,
        39.99135307,  38.94560597,  38.14702089,  37.6033676 ,
        37.23548336,  36.90745662,  36.47057409,  35.80998092,
        34.88091363,  33.72326098,  32.44953927,  31.21036872,
        30.14976698,  29.36640383,  28.89434867,  28.70856745,
        28.74999229,  28.95708106,  29.2890047 ,  29.7306316 ,
        30.27872282,  30.91768875,  31.59783663,  32.22772419,
        32.68643631,  32.85430698,  32.65437869,  32.0928192 ,
        31.28474505,  30.45275756,  29.88982531,  29.88650888,
        30.63408954,  32.12724838,  34.09838461,  36.01586366,
        37.16700247,  36.823192  ,  34.45403444,  29.92993951,
        23.64132865,  16.47757613,   9.65042395,   4.40189957,
         1.68332062,   1.9084634 ,   4.86145291,   9.78668562,
        15.6254558 ,  21.31633562,  26.06112033,  29.4792737 ,
        31.6208408 ,  32.86025338,  33.72969341,  34.75779925,
        36.35905705,  38.78530389,  42.12168126,  46.29805617,
        51.0953425 ,  56.14591505,  60.94521565,  64.89683338,
        67.40246498,  67.98654259,  66.42384937,  62.82810358,
        57.66615489,  51.68432531,  45.76204246,  40.73183346,
        37.21469234,  35.51274688,  35.58119848,  37.07740223,
        39.46538667,  42.14414932,  44.56821283,  46.33649843,
        47.23678616,  47.24455349,  46.48455531,  45.16990438,
        43.53611397,  41.78641464,  40.05984028,  38.42604059,
        36.90255327,  35.48401245,  34.17055592,  32.98499822,
        31.97392904,  31.19454241,  30.69437727,  30.49352946,
        30.57754316,  30.90450134,  31.42338306,  32.09511208,
        32.90568091,  33.86385789,  34.98327155,  36.25664095,
        37.63443769,  39.0189035 ,  40.27779183,  41.27380427,
        41.89954043,  42.10646831,  41.91985645,  41.43743458,
        40.81464697,  40.2414166 ,  39.91384722,  40.00088649,
        40.60384125,  41.70892549,  43.14071377,  44.53470543,
        45.35389715,  44.97010057,  42.81189664,  38.55115558,
        32.27089127,  24.54510034,  16.37835381,   8.99873482,
         3.5558196 ,   0.81956931,   0.98362239,   3.64136087,
         7.93960558,  12.85051485,  17.46425249,  21.20704126,
        23.92673525,  25.84194153,  27.3974024 ,  29.09056679,
        31.3278046 ,  34.34219984,  38.17377973,  42.69154528,
        47.63149573,  52.63374311,  57.27637024,  61.11440503,
        63.7333284 ,  64.81799575,  64.22496825,  62.03640044,
        58.572703  ,  54.35083429,  49.99189286,  46.09888974,
        43.13620662,  41.34234379,  40.69763752,  40.95282424,
        41.70814549,  42.52068592,  43.01226376,  42.95183538,
        42.29399263,  41.16678562,  39.8151955 ,  38.51803444,
        37.50278934,  36.88280282,  36.63397891,  36.61598036,
        36.6293595 ,  36.48930189,  36.09187705,  35.45142795,
        34.69738583,  34.03248457,  33.66744924,  33.75484852,
        34.34383459,  35.36835084,  36.66814698,  38.03051466,
        39.23579729,  40.09266808,  40.45732031,  40.23942166,
        39.40281062,  37.96867794,  36.02428905,  33.73381479,
        31.34251973,  29.16359059,  27.53922287,  26.7740841 ,
        27.04897359,  28.33357416,  30.32655346,  32.45442357,
        33.95266843,  34.03126235,  32.0951432 ,  27.9590287 ,
        21.98028919,  15.04606774,   8.39338868,   3.30051152,
         0.74007418,   1.10580829,   4.10393321,   8.84553555,
        14.10936998,  18.69095959,  21.73161505,  22.93482757,
        22.61909139,  21.60860941,  21.00786547,  21.92942322,
        25.24310292,  31.3951796 ,  40.32000346,  51.44421296,
        63.77079982,  76.02543533,  86.84539868,  94.98748022,
        99.52502167, 100.        ,  96.4990925 ,  89.63526239,
        80.43609367,  70.16107136,  60.08590898,  51.29828046,
        44.54435364,  40.15129025,  38.03224775,  37.76320965,
        38.70926573,  40.17255802,  41.5333863 ,  42.35844203,
        42.45616227,  41.86999185,  40.81532536,  39.58115824,
        38.4272444 ,  37.5075425 ,  36.84057046,  36.33064503,
        35.82680828,  35.19446857,  34.37233937,  33.39474668,
        32.37377347,  31.45136857,  30.74232721,  30.29085541,
        30.05601938,  29.9284757 ,  29.76841796,  29.44802085,
        28.88309923,  28.04647055,  26.96491073,  25.70765846,
        24.37468043,  23.08851363,  21.98802524,  21.2193444 ,
        20.91986707,  21.19449308,  22.08678857,  23.54986561,
        25.4225567 ,  27.41750559,  29.13011775,  30.0792394 ,
        29.78759056,  27.89842607,  24.30562174,  19.25545439,
        13.37205461,   7.57405125,   2.88597529,   0.19083758,
         0.        ,   2.31764222,   6.64739912,  12.13981347,
        17.83099462,  22.89431804,  26.82841914,  29.53375837,
        31.27308013,  32.54962   ,  33.95590883,  36.040649  ,
        39.21827311,  43.71962634,  49.56652345,  56.55427338,
        64.24125269,  71.96213457,  78.8885574 ,  84.15032052,
        87.00432509,  87.00990832,  84.15394066,  78.87761155,
        71.98788069,  64.47706383,  57.30602435,  51.21641438,
        46.62246707,  43.60104861,  41.96426466,  41.37546468,
        41.46427059,  41.90797173,  42.46724598,  42.98359431,
        43.35676041,  43.52071486,  43.42946881,  43.05452278,
        42.38908149,  41.45245817,  40.29043978,  38.97111005,
        37.57818329,  36.20416537,  34.9441656 ,  33.88949799,
        33.11981125,  32.69374786,  32.64005054,  32.95199075,
        33.58704005,  34.47141046,  35.507203  ,  36.57996865,
        37.56644096,  38.34421368,  38.80503226,  38.87059381,
        38.5061856 ,  37.72614943,  36.58768858,  35.17471939,
        33.57810281,  31.87995306,  30.147409  ,  28.43698063,
        26.806499  ,  25.32895898,  24.10120923,  23.24045446,
        22.8635029 ,  23.04849163,  23.78624272,  24.93620275,
        26.20643513,  27.17515022,  27.36174867,  26.34001187,
        23.86884633,  20.00248048,  15.13868829,   9.97556357,
         5.37447453,   2.16094539,   0.92208217,   1.86546822,
         4.78560284,   9.1469419 ,  14.25241479,  19.43879779,
        24.23562584,  28.44303105,  32.11716025,  35.48522447,
        38.83223518,  42.40156062,  46.33469358,  50.65250417,
        55.2627798 ,  59.97459676,  64.5088456 ,  68.50888467,
        71.56583253,  73.27209204,  73.3037427 ,  71.51414855,
        68.0079135 ,  63.16438314,  57.59441984,  52.03658142,
        47.21866539,  43.71970282,  41.86437631,  41.67084211,
        42.85976423,  44.92044712,  47.22012002,  49.13465079,
        50.17398115,  50.0751877 ,  48.84207222,  46.72262767,
        44.13181383,  41.54167483,  39.36872902,  37.88708682,
        37.18595751,  37.17607267,  37.63607268,  38.28114654,
        38.83399557,  39.08173134,  38.90911652,  38.30586953,
        37.35171038,  36.18662223,  34.9753068 ,  33.87417316,
        33.00684226,  32.4508648 ,  32.23515701,  32.3454241 ,
        32.73397769,  33.33077079,  34.05369208,  34.81750684]), array([ 77, 161, 241, 321]), {'peak_heights': array([ 67.98654259,  64.81799575, 100.        ,  87.00990832]), 'prominences': array([67.16697327, 63.99842644, 99.25992582, 86.26983414]), 'left_bases': array([ 56, 141, 220, 300]), 'right_bases': array([220, 220, 300, 386]), 'widths': array([34.44600779, 50.88803208, 12.23399958, 15.83707678]), 'width_heights': array([34.8349316 , 32.81878253, 50.37003709, 43.96599525]), 'left_ips': array([ 67.04816985, 152.49461926, 234.903438  , 313.04213669]), 'right_ips': array([101.49417764, 203.38265134, 247.13743758, 328.87921348])})"
